AnnualRainfall,CloudVisibility,Temperature,Humidity,SeasonalRainfall,class
1637.1,5.92,35.1,67.6,1139.7,0
1032.0,4.54,31.5,69.4,538.9,0
1837.7,6.3,25.3,85.7,1025.9,1
1923.3,6.79,30.1,70.0,967.2,1
622.0,4.04,29.0,65.3,367.2,0
914.0,5.69,25.9,63.2,518.8,0
1557.5,4.47,31.0,63.4,813.5,0
1357.7,11.75,29.6,53.2,917.2,0
1492.4,5.78,28.9,61.0,812.1,0
1116.1,,27.8,88.0,593.6,0
1895.7,5.51,29.7,67.5,927.5,1
1850.0,6.65,28.9,78.5,1076.0,0
1529.7,2.7,28.2,40.3,827.4,0
2007.3,4.88,25.4,76.8,1125.6,1
1710.4,,34.8,68.1,890.8,1
2034.9366505626633,9.97,23.8,64.2,755.9,0
1665.9,6.55,29.7,72.2,1214.5,1
1068.5,9.46,26.7,64.1,640.4,0
1895.3,7.6,35.0,44.5,1218.5,0
1477.5,10.07,24.4,81.1,1049.3,0
1416.8,5.85,25.1,,1062.1,0
1193.6,11.98,24.1,66.2,756.8,0
2050.1,4.79,29.3,58.4,1469.8,1
1430.5,4.08,22.5,52.4,1033.6,1
1307.3,2.97,26.1,72.7,898.7,0
1341.5,11.83,19.4,89.4,789.2,0
1739.5,8.05,29.0,72.4,825.1,0
1664.4,5.16,26.0,53.4,756.9,0
1685.7,9.12,22.0,72.7,999.9,1
1693.9,7.72,32.3,69.4,1013.4,0
2463.7,10.92,22.8,80.4,1409.8,1
1317.1,2.13,31.2,77.3,817.2,0
1269.5,5.34,25.2,34.2,781.6,0
1133.8,4.84,34.4,76.5,794.8,0
1777.2,1.07,31.0,58.0,857.7,0
2008.0,8.65,24.0,52.9,1039.3,0
1448.7,5.32,24.3,67.7,996.6,0
1121.9,7.85,30.4,74.9,790.2,0
1129.0,11.9,27.0,50.3,845.0,0
1792.8,5.12,27.3,78.5,1276.2,1
1834.5,4.95,33.1,79.2,1315.3,1
1744.4,6.3,25.0,70.6,949.5,1
1200.5,8.47,28.4,59.6,684.9,0
1604.5,4.58,31.8,58.2,851.1,0
1552.5,4.42,31.2,82.3,981.0,1
1598.4,8.64,27.4,51.9,1169.5,0
1892.1,6.95,26.8,82.8,1047.1,1
1600.6,0.89,21.0,68.0,987.7,0
1805.5,2.94,23.8,68.8,973.0,0
1530.4,9.75,29.3,49.5,766.6,0
1630.1,7.0,27.4,68.2,829.0,0
1784.1,4.09,28.3,77.4,833.8,1
844.3,5.57,32.2,54.0,620.4,0
1356.1,6.03,23.3,76.0,774.2,1
1288.3,7.84,27.1,71.1,902.1,0
1212.5,2.6,28.8,62.3,793.5,0
1376.2,3.9,25.2,80.3,698.5,0
2172.7,6.68,33.7,43.6,1092.1,1
1110.4,5.75,31.6,74.2,770.2,0
1935.7,7.43,29.2,89.4,1024.8,1
742.7,2.93,35.2,87.3,537.7,0
1349.3,6.89,22.0,74.7,663.9,0
1573.2,8.73,28.0,66.4,1027.8,0
1763.8,7.22,29.5,62.4,1224.7,1
1820.1,6.35,24.3,66.4,947.5,1
1857.0,5.76,29.2,76.5,989.5,1
1343.1,3.91,23.6,60.3,993.0,0
1291.9,5.82,30.8,79.1,683.9,0
1886.1,9.15,32.2,95.6,1092.0,1
1413.9,5.7,29.1,69.3,819.7,0
925.9,3.78,20.6,53.9,487.0,0
990.0,4.77,24.1,53.9,675.9,0
1086.2,6.5,30.3,79.3,740.3,0
1723.7,5.07,28.1,69.3,971.3,1
1564.1,7.21,17.2,80.5,1095.7,1
1810.7,7.31,33.0,63.6,930.6,0
1307.7,8.22,28.5,80.0,590.2,0
1571.3,9.56,24.7,68.1,976.4,0
1781.5,8.49,32.0,61.2,1333.0,1
1360.8,3.66,25.3,65.2,628.1,0
1705.5,3.74,25.2,55.6,873.9,1
1202.1,5.81,29.4,93.9,728.1,0
1336.6,4.87,35.1,68.8,926.3,1
1328.2,3.15,34.5,77.7,633.2,0
961.9,4.9,29.4,63.6,546.9,0
1719.1,4.81,29.8,57.4,1158.9,1
1288.8,4.32,31.2,67.2,723.6,0
1505.6,5.21,23.0,83.2,762.8,1
1716.3,8.95,30.6,63.8,873.0,0
1700.9,6.5,25.1,59.6,974.7,0
1799.4,12.18,29.3,71.9,1068.5,0
1455.7,6.43,27.1,76.0,1031.4,0
1309.5,5.27,30.0,89.7,841.6,0
1464.1,6.01,28.5,74.2,962.1,0
740.7,6.64,15.7,77.7,551.7,0
848.8,7.09,28.7,78.6,486.8,0
904.8,11.19,30.6,56.2,516.6,0
1051.2,3.89,29.8,,764.3,0
1679.9,8.15,27.6,57.0,879.9,0
1092.5,6.52,34.6,54.0,730.8,0
1329.8,2.07,29.2,79.5,899.5,0
2084.7,7.93,29.8,73.5,999.2,1
1339.7,9.17,32.2,71.0,791.0,0
1831.9,3.86,29.5,38.9,934.6,0
1079.9,5.98,24.4,94.7,546.0,0
1407.6,1.69,18.2,59.3,829.3,0
1072.5,2.85,26.1,94.6,575.7,0
1347.4,8.62,31.0,52.6,928.1,0
1878.1,4.83,26.6,60.3,1356.5,1
722.7,3.23,31.2,43.6,499.3,0
1695.5,6.57,28.6,74.3,898.3,1
1607.0,4.69,33.2,56.8,855.3,0
1232.6,4.82,26.8,57.1,648.9,0
849.3,7.85,29.9,53.5,416.6,0
1532.5,3.1,30.0,79.3,1123.5,1
1261.7,3.74,34.0,78.5,720.0,0
1604.7,6.39,21.2,91.7,830.3,0
1509.8,8.42,26.2,61.8,1062.9,1
2220.8,9.1,31.4,72.6,1265.3,1
1392.3,4.34,34.2,54.5,641.2,0
1039.4,8.34,29.0,66.0,518.2,0
1580.7,4.04,26.8,63.8,1014.4,0
1599.0,10.57,31.0,75.6,1095.1,0
2111.6,3.17,31.5,82.2,1083.9,1
1875.8,9.32,26.6,81.9,1360.4,1
1660.6,4.36,29.3,59.9,1171.2,0
2158.5,11.03,32.7,82.0,1520.7,1
965.1,7.48,35.6,69.5,500.2,0
1212.1,3.46,31.0,66.1,563.8,0
1083.0,4.69,28.2,61.5,769.2,0
1324.6,7.95,27.8,63.3,717.6,0
880.5,8.63,30.2,90.9,559.7,0
1785.8,5.82,27.5,73.7,1210.8,1
1400.0,6.11,28.8,72.1,683.9,0
838.1,7.9,23.8,66.9,573.5,0
1043.0,6.33,33.2,99.4,763.0,0
1641.1,2.77,23.4,85.7,1097.1,1
1877.2,3.97,26.3,61.3,1093.2,1
2398.5,6.59,28.4,66.7,1710.2,1
2811.2,9.04,36.0,67.4,1709.9,1
1686.5,10.04,26.3,71.8,1135.7,1
1054.7,7.95,25.3,61.6,734.2,0
540.6,6.72,25.8,75.3,364.8,0
1620.5,7.87,34.6,87.4,869.1,0
1134.2,4.33,16.8,54.2,550.5,0
1313.1,5.62,24.0,56.5,684.8,0
1224.6,3.94,38.9,64.2,735.8,0
1436.6,2.88,30.4,64.8,864.3,1
1979.7,6.83,23.6,94.0,1236.9,1
1570.7,6.46,27.8,82.0,893.0,0
1428.6,7.72,28.3,81.3,980.1,0
1034.0,7.37,31.4,66.8,748.5,0
746.4,6.61,35.4,66.6,391.1,0
1281.2,7.39,29.6,52.6,859.6,0
1475.8,5.89,25.8,79.4,964.3,1
2295.6,7.03,31.1,75.9,1393.2,1
1558.6,4.18,25.2,85.4,789.5,0
1942.2,6.92,23.9,67.5,1337.4,1
1275.3,7.67,21.0,68.3,941.4,0
966.8,4.33,21.7,72.0,644.4,0
1065.7,6.13,24.4,80.7,773.0,0
1173.6,4.44,23.3,52.4,874.7,0
2457.8,4.68,29.3,78.8,1365.6,1
1130.4,,23.2,69.8,725.1,0
1877.3,9.16,15.4,57.3,1111.7,1
1093.7,8.66,23.8,45.0,815.9,0
1919.2,7.34,26.1,68.4,917.7,0
1673.2,,25.6,87.4,960.0,1
1429.5,5.53,34.1,90.1,1018.8,0
1481.7,13.58,25.5,74.3,793.0,0
1205.3,5.43,31.5,93.5,827.3,0
1700.7,6.64,27.9,69.5,960.6,0
1295.3,5.01,27.8,81.4,963.7,1
948.5,6.93,24.7,,678.2,0
,8.09,27.8,63.8,499.8,0
1577.7,5.72,24.9,61.9,1074.5,1
2210.6,10.44,28.7,45.3,1218.2,1
1572.0,6.6,27.1,85.4,993.4,0
1446.6,6.68,24.2,62.3,936.7,0
1628.6,3.73,32.0,60.4,1138.2,0
2087.7,7.05,29.7,55.8,954.8,1
1598.7,5.66,26.2,67.5,825.0,0
1315.1,4.48,28.6,91.2,872.7,1
1997.8,4.06,27.7,95.1,1236.8,1
1692.9,12.68,24.5,50.1,1013.5,0
2191.1,5.34,28.3,65.7,1022.3,1
1582.5,2.36,25.5,57.6,877.4,0
949.0,4.25,24.2,81.9,673.3,0
884.3,5.87,21.5,73.4,406.1,0
,7.37,26.6,62.4,1276.1,1
2275.6,7.39,30.3,70.9,1669.3,1
1419.2,7.69,25.2,64.3,660.3,0
1327.6,4.39,38.1,89.4,896.0,0
2157.6,6.85,31.5,76.6,1137.7,1
1001.8,3.81,33.2,78.0,711.3,0
1097.4,4.45,31.2,38.0,739.4,0
1789.5,3.71,35.4,69.2,1280.8,1
1322.4,3.03,24.9,95.0,680.8,1
1497.7,8.66,17.8,85.9,912.7,0
1426.5,7.72,26.2,47.8,975.4,0
1651.9,8.44,30.2,66.2,865.1,1
2133.4,,28.6,55.6,1107.7,1
1540.8,7.94,29.1,90.5,705.9,0
1789.8,1.6,33.3,72.9,1320.1,1
577.4,8.16,29.5,60.8,382.8,0
1478.1,6.44,31.2,70.4,947.0,0
1120.5,7.57,24.2,38.7,754.4,0
951.5,6.95,23.6,57.0,579.9,0
1104.8,3.53,34.5,70.4,655.0,0
1349.6,2.25,28.4,80.1,789.4,1
1912.2,4.22,25.5,46.7,1227.9,1
903.1,7.41,25.5,65.4,461.0,0
1513.8,7.73,25.4,82.1,1084.5,0
1282.1,2.58,25.2,52.6,889.2,0
1352.5,3.55,22.9,72.8,750.5,0
1951.2,4.19,22.0,70.8,1216.8,1
1742.2,5.11,27.2,90.6,857.7,1
2101.8,2.59,25.6,67.2,1558.9,1
1430.5,2.44,32.4,67.9,1031.2,1
1186.8,3.95,29.2,80.3,862.3,0
1399.3,6.22,29.1,54.1,769.1,0
1609.1,3.05,25.0,67.3,805.8,1
1579.5,5.71,27.5,64.5,811.1,1
1012.0,8.65,29.4,68.3,482.7,0
1540.7,2.75,30.9,80.2,748.8,0
1602.7,5.48,27.6,76.6,755.5,1
2632.9,8.56,32.3,61.0,1966.6,1
2344.6,4.95,28.0,71.6,1107.2,1
1116.0,4.57,31.2,87.9,546.6,0
1370.7,8.91,26.0,60.0,957.0,0
841.5,5.23,20.7,71.7,525.1,0
1234.2,8.76,29.1,67.7,842.1,0
1642.0,7.07,30.9,69.2,1049.7,1
2042.6,5.14,30.3,50.4,1459.8,1
1171.9,7.2,29.7,86.9,751.8,1
1205.6,6.8,26.6,60.7,731.4,0
533.7,8.55,24.8,82.3,354.3,0
1426.8,4.63,30.2,62.5,833.6,0
1021.9,6.1,29.7,62.5,566.0,0
1261.8,5.85,25.8,84.6,744.8,0
1105.4,7.76,32.4,81.9,553.7,0
1457.6,3.44,24.5,72.5,1004.2,0
709.0,8.54,25.7,79.1,374.5,0
839.8,7.17,34.5,66.5,416.6,0
2458.2,2.71,31.5,69.9,1287.8,1
920.7,9.02,26.6,62.1,646.9,0
1006.4,11.59,29.1,80.8,552.6,0
2326.6,8.5,28.6,61.7,1525.8,1
2807.3,9.57,17.0,87.8,1984.5,1
972.8,6.21,24.4,66.2,460.4,0
1334.3,1.85,27.8,70.2,906.7,1
1653.7,1.39,26.6,79.1,896.8,0
2277.9,6.64,29.0,70.3,1173.1,1
1996.1537245283155,4.52,32.5,66.4,693.4,0
1389.6,3.71,26.7,69.6,1004.6,0
1849.8,5.84,23.8,80.7,996.1,1
1695.6,7.54,29.3,62.0,1052.4,1
1330.7,2.37,26.7,68.5,714.5,0
1439.8,4.88,27.4,70.1,887.3,0
881.3,9.77,26.8,80.4,561.0,0
1392.8,3.31,37.0,68.8,881.8,0
1380.1,8.17,19.0,91.7,879.2,0
1604.5,4.79,26.4,68.1,787.0,1
1250.1,7.36,28.0,67.1,822.6,0
1712.2,8.74,24.9,67.9,1117.1,1
1955.7,7.85,31.6,54.2,1280.6,1
1569.9,8.27,31.3,57.6,741.4,0
1658.3,3.12,27.8,63.6,968.5,1
1523.9,8.78,26.9,83.6,872.8,0
1500.0,3.87,27.6,69.6,714.0,0
1175.3,6.65,27.6,64.2,607.3,0
1642.4,6.65,27.7,84.7,956.4,1
1456.2,7.21,27.2,88.6,979.9,0
2441.9,6.84,29.0,85.1,1272.5,1
2208.0,3.89,31.0,59.8,1543.2,1
1673.6,2.63,23.1,64.1,1027.2,1
1156.6,8.18,23.8,91.8,784.3,0
999.4,6.46,21.0,72.9,591.4,0
2036.0,8.87,31.5,66.8,1221.1,1
1618.2,5.89,29.0,78.6,1029.1,1
1716.1,2.49,30.0,82.1,1250.0,1
714.9,8.42,22.3,63.1,427.2,0
1917.3,5.07,35.1,72.6,1166.9,1
1704.5,6.86,25.6,81.1,1074.8,1
1000.3,4.38,28.7,56.1,671.5,0
1287.8,10.11,31.4,70.1,607.3,0
1618.7,3.81,24.1,56.6,978.8,0
1523.6,5.16,25.8,58.2,905.8,0
1368.5,6.27,28.7,63.2,994.2,0
1453.4,3.27,39.4,75.7,869.2,0
1386.6,6.83,29.2,66.1,818.8,0
3623.8703040534288,10.03,34.4,62.2,1158.7,1
2162.2,4.77,32.8,70.6,1265.2,1
345.0,6.99,29.5,56.2,174.0,0
1393.4,0.2,24.0,75.1,717.7,1
1579.4,5.9,32.2,83.6,755.8,0
1633.2,5.22,22.0,69.0,735.2,0
1332.6,3.95,34.4,67.6,772.4,0
709.5,8.7,28.8,74.5,483.0,0
1647.6,5.18,17.4,45.7,1104.0,0
2277.3,5.56,26.6,76.4,1046.8,1
809.8,5.06,30.6,100.0,502.9,0
1888.7,1.21,27.1,68.5,937.3,1
1352.2,3.17,30.9,68.6,990.2,0
1472.4,8.4,24.6,78.9,736.5,1
1026.2,0.73,22.8,89.7,654.7,0
1349.5,4.08,27.7,81.7,739.3,0
2085.0,5.0,28.1,44.1,1339.6,1
1762.2,10.36,26.6,76.8,1010.9,1
2279.5,7.92,32.9,100.0,1545.3,1
2029.8,4.61,24.6,77.5,1053.9,1
1697.6,9.26,29.3,56.1,1225.2,0
2284.8,4.15,28.3,73.4,1371.0,1
3826.357099436051,8.52,21.8,54.6,1148.9,1
1872.6,2.6,22.7,84.8,1320.0,1
1366.5,8.68,28.0,58.5,1024.4,0
1529.9,4.98,35.9,70.9,791.3,0
1186.2,3.43,30.3,59.7,635.9,0
1945.3,5.46,21.1,63.4,1021.5,1
969.8,6.69,15.6,87.8,512.9,0
1852.1,4.76,30.9,71.2,1157.0,1
1414.2,7.38,27.6,63.3,1057.9,0
2027.1,4.54,32.6,56.3,1514.4,1
1837.9,7.55,24.5,47.5,1117.5,0
2319.3,7.11,29.4,55.0,1488.3,1
1828.8,5.85,31.4,71.3,1294.8,1
792.6,4.9,26.2,81.8,578.5,0
1469.9,6.38,26.3,63.3,751.3,0
972.6,7.38,28.1,88.8,591.9,0
1266.8,11.15,30.2,,886.6,0
2180.1,8.35,27.9,67.1,1179.3,1
1786.9,8.44,31.9,57.0,1039.9,0
1185.5,13.72,26.2,81.9,884.0,0
1043.8,7.29,22.7,95.2,778.2,0
1514.8,7.21,35.9,48.9,1093.4,0
952.5,7.76,25.6,65.8,656.8,0
,3.48,25.7,85.2,635.8,0
1640.4,4.89,27.7,52.6,896.1,0
2019.9,4.73,28.3,76.8,1240.6,1
1773.9,7.62,26.5,84.7,1096.7,1
468.9,5.56,27.9,70.9,282.1,0
1637.0,6.35,27.8,76.6,1049.3,1
3605.6093135449714,8.72,28.7,91.1,877.3,0
1686.3,8.16,18.6,93.4,1137.8,0
2227.3,5.6,35.5,69.3,1225.2,1
571.5,4.33,27.4,63.6,313.9,0
1234.0,8.84,30.3,59.0,602.4,0
1765.9,7.93,22.5,81.7,894.6,1
788.3,1.98,26.1,53.5,555.9,0
2164.2,5.22,25.3,67.0,1263.6,1
1665.8,6.41,33.9,71.2,863.5,0
1881.0,,25.7,64.0,1274.9,1
1243.1,8.28,31.0,73.4,766.0,0
1866.2,6.71,25.4,100.0,851.6,1
1980.8,7.46,26.2,68.5,1079.4,1
1604.8,6.16,27.0,64.8,807.4,0
1605.5,4.32,33.1,82.2,1038.4,1
1621.7,5.35,20.4,72.9,863.5,0
1111.5,6.05,22.7,87.3,521.8,0
1433.6,5.91,20.2,72.0,668.8,1
3190.1210172124556,1.29,23.6,67.0,893.9,1
1672.5,5.01,24.8,48.6,763.5,0
1949.9,6.14,21.5,50.6,1374.0,1
1023.7,5.3,25.1,48.0,508.4,0
1443.7,,19.9,74.6,912.4,0
2166.7,7.22,23.9,,1264.0,1
1165.4,3.3,32.8,85.1,679.3,0
1130.0,1.93,29.6,70.4,532.8,0
1591.0,5.13,28.7,67.1,1099.1,1
1880.0,7.91,24.0,59.9,1349.7,0
1505.1,10.22,21.9,77.5,682.3,0
2098.0,7.96,23.4,60.3,1056.5,1
1885.6,2.33,27.8,58.2,1359.8,1
1878.8,5.42,31.5,84.3,1155.2,1
1749.4,6.64,31.6,74.3,866.0,1
2547.4,6.44,30.5,67.2,1301.3,1
1407.7,7.35,25.0,77.7,912.2,0
598.4,,28.1,70.1,399.4,0
2221.9,6.16,26.7,74.6,1399.4,1
1294.0,7.05,27.2,60.2,952.3,0
1548.5,8.06,36.1,94.8,926.4,1
2089.3,3.99,21.0,63.0,1128.4,1
779.0,5.14,27.1,88.7,462.1,0
936.8,0.2,32.8,67.7,522.6,0
779.4,4.45,22.1,79.7,403.2,0
1142.6,4.69,25.4,78.8,529.9,0
1697.8,3.45,25.9,83.8,943.4,1
,6.41,27.1,59.9,1151.6,1
1624.3,5.86,21.6,82.9,739.9,0
864.3,0.35,30.4,92.2,502.8,0
460.5,6.54,30.7,66.9,296.2,0
1524.5,3.68,30.0,70.4,965.2,0
1287.7,7.21,24.5,63.7,879.5,0
1706.7,2.8,28.3,,1183.0,1
1815.9,6.08,24.4,90.5,1204.9,1
1562.2,5.29,26.7,57.9,751.2,0
1842.1,6.76,36.6,58.7,1091.4,1
1603.1,6.31,28.4,89.3,1011.6,1
1738.5,5.36,23.2,77.5,910.4,1
1182.9,2.16,28.7,95.4,547.4,0
1419.2,2.31,22.6,64.6,733.8,0
1588.5,4.54,23.2,71.5,931.6,0
1869.2,5.98,23.8,62.1,1073.3,1
1322.8,4.48,26.2,71.7,665.4,0
1734.5,7.56,31.7,48.7,1209.5,0
1380.4,5.3,30.3,78.2,1004.5,1
1447.1,3.59,30.1,73.9,738.6,0
1873.3,5.3,23.6,69.3,1365.4,1
603.1,6.56,25.8,65.3,274.6,0
916.6,6.81,29.1,59.3,666.8,0
833.0,10.7,25.5,78.7,612.7,0
449.9,4.33,26.9,55.9,204.1,0
1194.8,5.82,29.8,76.1,811.1,0
1837.2,7.07,26.6,94.9,1361.5,1
1371.8,5.94,28.9,87.8,990.1,0
1589.0,4.75,34.4,51.9,1177.8,0
1990.1,2.13,27.3,63.6,1224.1,1
2097.5,4.72,32.7,75.1,993.0,1
1468.9,3.32,30.2,69.2,1035.5,1
2109.1,1.68,22.1,53.2,1337.5,1
1541.5,4.01,23.6,74.6,977.9,0
1123.2,3.38,24.7,69.9,646.0,0
1232.5,7.46,24.6,93.0,766.1,1
833.8,7.5,27.6,67.0,413.6,0
1100.3,3.74,30.5,84.0,739.4,0
1338.9,5.35,33.0,54.8,632.6,0
1861.6,1.35,29.2,57.7,1245.3,1
2274.3,4.76,26.2,78.7,1602.7,1
878.0,7.0,19.7,83.0,519.6,0
1676.8,8.06,28.3,58.5,1011.0,1
1031.8,4.22,28.1,70.3,560.9,0
1713.6,8.63,28.7,53.4,1269.5,0
1441.0,2.21,36.4,67.8,965.4,0
676.1,2.88,33.0,80.0,379.1,0
1917.7,7.77,31.1,64.8,963.6,1
1227.7,10.18,24.2,67.0,633.4,0
1259.7,7.23,25.9,56.4,742.2,0
,5.9,27.6,62.2,746.4,0
1205.6,0.51,24.9,91.1,808.0,1
1692.6,0.94,30.0,70.9,870.9,1
1414.8,6.32,29.4,58.0,1001.5,0
1647.9,5.1,23.6,66.2,928.5,0
1662.9,3.24,32.8,50.8,1173.2,0
2094.3,6.16,28.4,57.8,1094.3,1
1345.7,6.29,21.1,86.3,855.4,0
835.4,8.36,27.8,68.3,608.2,0
1980.3,6.34,29.1,92.7,1044.3,1
1350.8,9.07,31.9,68.9,888.7,1
2001.6,6.02,26.7,69.6,1493.6,1
1672.5,5.71,31.3,77.7,828.2,1
1441.0,8.66,28.7,37.9,686.7,0
1656.9,3.55,22.7,72.5,1080.8,0
2378.0,13.04,22.3,69.4,1312.4,1
2434.6,6.94,32.5,87.8,1147.6,1
1531.2,6.95,32.8,81.6,907.4,0
1572.1,7.31,29.3,56.4,1062.9,0
1984.3,10.69,34.0,,1062.7,0
1119.5,7.98,32.2,66.9,616.3,0
1649.9,1.99,30.7,59.1,1161.0,1
1488.4,9.51,24.4,72.4,902.0,0
1641.3,5.15,34.9,67.6,1153.5,1
1125.0,6.27,30.1,88.5,656.9,0
784.7,2.8,26.5,74.1,577.5,0
567.2,7.32,25.3,72.5,366.0,0
997.2,4.37,29.0,80.8,483.4,0
1293.6,6.25,21.3,83.1,925.6,0
1368.1,5.29,30.8,79.4,816.4,0
2371.8,10.81,24.2,87.0,1168.1,1
1997.7,10.96,29.5,77.3,990.5,1
1067.1,6.12,25.9,72.0,700.3,0
1656.5,6.16,26.9,84.9,769.0,1
1316.8,5.07,25.0,68.9,705.8,0
1372.0,8.77,27.4,70.4,675.0,0
1583.4,5.18,35.6,90.7,922.0,0
1778.6,4.95,33.5,89.5,1021.5,1
1347.3,8.45,29.4,69.9,817.2,0
1978.7,4.65,27.9,64.6,1056.4,1
986.1,5.91,31.4,87.6,453.2,0
1502.9,2.05,32.5,79.6,953.3,0
2669.0,7.76,24.7,73.8,1500.3,1
3718.5149034051474,10.85,27.7,66.1,1032.9,0
2144.9,7.8,20.7,74.0,1035.2,1
1541.2,9.65,32.5,69.7,699.9,0
1761.3,3.88,36.3,62.0,923.8,0
1474.4,6.59,28.3,71.5,865.4,0
1423.3,3.64,19.5,73.2,808.8,0
1149.2,5.43,30.4,65.5,796.5,0
1693.6,7.93,24.4,80.8,954.1,0
1116.8,6.25,25.3,85.5,680.3,0
1799.5,2.47,30.5,81.6,1130.2,1
1988.4,2.71,29.0,66.7,907.8,1
1664.9,2.55,26.0,79.1,1006.5,0
1371.2,7.23,25.4,70.9,758.9,1
1704.3,11.16,28.5,55.2,982.3,0
1361.1,9.41,26.4,78.1,653.4,0
1921.0,1.26,23.6,71.8,1315.6,1
675.9,9.55,26.7,100.0,495.2,0
1349.0,8.34,29.4,87.5,616.1,0
604.1,2.14,27.3,78.5,380.9,0
827.2,5.24,22.3,73.0,561.8,0
2113.7,8.74,32.0,72.0,1131.8,1
1902.8,7.38,17.0,58.0,1305.9,1
1176.2,2.73,26.2,49.1,752.4,0
823.9,7.53,25.5,59.5,600.4,0
200.0,0.66,28.6,69.4,148.9,0
1255.4,5.44,30.2,44.7,580.9,0
2589.2,8.84,32.5,63.5,1510.7,1
1695.7,6.05,25.2,67.0,1041.3,1
1248.2,4.75,30.3,67.4,616.6,0
1709.3,8.22,28.8,62.1,941.6,0
797.6,8.44,21.2,65.9,595.2,0
3158.2917159854987,9.28,35.6,90.7,621.4,0
1544.8,8.19,22.2,77.9,904.8,0
1461.3,8.7,29.7,,1027.0,0
1855.9,7.83,29.6,69.2,1015.5,1
1655.1,6.66,29.1,69.7,983.0,0
1800.7,6.22,26.0,60.8,1338.7,1
1190.2,5.41,31.3,60.8,705.2,0
1904.0,2.97,21.8,82.1,931.6,1
2233.0,3.61,27.7,65.0,1039.5,1
1063.4,5.29,25.7,56.9,780.2,1
1100.5,6.6,25.3,69.5,583.0,0
2101.1,9.6,29.7,71.4,1263.2,1
1413.9,5.9,32.3,46.3,674.7,0
2131.7,8.51,26.6,69.5,1230.2,1
1300.9,8.7,31.1,80.4,948.4,0
2154.8,5.42,28.2,75.4,1294.4,1
1559.2,7.49,24.4,96.8,1155.9,1
1616.2,5.39,27.0,85.0,852.8,1
2204.1,9.31,26.8,87.4,1325.5,1
1337.2,7.59,25.2,100.0,946.6,1
1076.5,3.02,29.7,79.1,629.2,0
1298.1,6.4,28.9,72.0,693.0,0
1703.6,10.12,21.6,81.7,1203.8,0
795.4,5.55,21.4,63.3,451.0,0
1786.9,7.12,29.7,71.3,1088.6,0
1257.6,7.36,24.7,62.2,934.3,0
2016.5,3.41,29.2,74.8,1020.2,1
422.6,7.28,31.1,62.2,228.4,0
1146.0,2.52,22.9,61.8,526.4,0
741.1,4.44,22.4,,420.6,0
1128.2,8.69,34.7,68.3,575.4,0
1611.4,6.89,29.4,46.9,1053.9,0
1419.3,5.24,26.3,52.5,715.9,0
1386.0,7.12,24.3,56.2,904.3,0
1428.4,5.85,26.0,59.4,755.7,0
1591.5,6.03,23.2,75.0,885.8,1
1046.2,7.64,31.5,72.6,580.3,0
1818.1,4.18,24.9,82.8,1209.1,1
1798.2,6.1,32.4,79.0,1060.9,0
1673.3,5.22,26.4,82.9,934.3,1
1750.4,2.04,23.8,77.3,1235.4,1
1633.4,3.7,26.3,72.5,1015.3,0
2415.8,9.92,17.5,83.2,1242.1,1
1460.8,6.96,27.5,81.0,1051.8,1
1361.8,2.69,27.3,74.5,752.8,1
1160.9,2.15,31.3,85.3,536.0,0
1035.5,5.72,20.5,41.9,619.6,0
940.0,9.9,32.6,66.5,457.9,0
1100.0,5.53,31.3,66.3,573.7,0
1468.2,9.27,33.0,83.8,989.8,1
1650.4,6.88,27.8,88.9,807.4,1
1523.0,7.18,32.1,52.6,1054.1,1
1155.5,2.66,22.1,86.9,844.8,0
1905.1,8.34,30.9,55.9,1203.9,1
1832.7,5.16,24.9,56.3,1215.3,0
1428.2,8.16,21.4,67.2,948.4,0
1206.2,,23.5,66.2,902.0,1
1746.8,6.44,28.0,51.3,965.0,0
1584.6,6.88,24.7,77.8,790.5,0
848.3,5.61,29.5,78.2,513.9,0
,7.01,20.8,82.6,896.3,0
1617.9,5.33,19.5,64.8,814.4,0
1095.1,4.38,33.5,69.5,694.2,0
1585.4,10.01,31.6,69.6,720.2,0
845.3,8.62,23.8,90.3,615.7,0
2101.3,4.1,28.0,36.0,1112.4,1
2061.6,7.42,32.1,58.5,952.2,1
1386.4,4.14,29.7,70.1,668.9,0
1663.6,3.04,28.6,,868.5,1
415.5,8.58,32.4,66.9,221.1,0
979.6,1.74,25.1,68.5,450.5,0
1367.8,8.32,28.1,62.1,730.1,0
1017.5,5.37,27.9,70.8,516.8,0
1821.5,5.47,26.9,77.5,1026.6,1
2398.8,7.02,26.4,67.2,1356.6,1
970.5,7.45,28.3,64.6,535.4,0
1123.1,3.93,28.1,68.0,615.9,0
1606.0,7.79,23.8,69.9,765.9,0
2225.0,6.28,31.2,49.1,1018.1,1
949.9,2.86,24.1,75.5,485.1,0
1612.1,5.58,27.1,64.6,1091.4,1
2319.6,9.45,26.8,85.1,1733.3,1
756.7,10.19,29.4,77.1,551.3,0
923.5,7.79,19.5,84.0,555.3,0
1309.4,3.02,31.6,57.9,798.1,0
1265.7,7.23,25.3,65.5,689.0,0
1865.7,8.13,32.9,55.1,1272.7,1
1608.7,7.81,26.1,61.5,1093.0,1
701.3,7.96,27.8,85.0,493.2,0
1731.9,6.91,35.7,87.8,1244.7,1
1240.1,5.82,26.9,56.2,719.6,0
2073.5,4.48,33.0,64.5,1410.1,1
1217.6,1.26,28.2,69.1,842.5,0
1213.5,6.85,29.7,77.0,658.4,0
1743.5,6.47,28.3,48.9,1270.6,1
1843.3,7.39,31.4,50.8,881.7,1
1701.6,2.66,25.3,75.9,1273.3,1
741.5,7.61,24.1,46.6,505.0,0
1742.1,11.14,25.4,64.6,832.7,0
1034.6,6.2,28.4,71.9,669.2,0
1605.9,5.85,27.1,75.0,739.1,0
859.3,6.77,30.8,68.3,585.2,0
1700.8,11.08,33.2,65.6,1173.2,0
1137.0,3.44,24.1,80.1,717.2,0
922.8,6.51,25.1,73.4,652.5,0
1821.2,4.0,22.3,62.2,873.0,1
1608.7,,36.1,70.5,857.1,0
1223.7,5.88,29.2,74.6,702.7,0
2153.0,9.37,29.9,90.6,996.3,1
1301.7,10.5,22.6,79.4,760.8,0
1514.4,7.12,28.0,84.6,802.0,0
1621.0,5.06,30.0,62.7,920.4,0
1221.2,12.23,27.0,63.7,705.3,0
1712.0,4.93,32.3,67.2,1222.1,1
1259.9,4.57,37.2,68.3,669.2,0
1314.8,1.56,24.2,57.9,944.2,0
2113.2,9.49,23.9,85.2,1221.0,1
1031.7,8.42,24.5,80.6,565.7,0
414.2,12.04,34.4,66.3,248.9,0
2224.9,2.53,32.2,77.7,1280.0,1
2647.2,9.65,27.5,72.7,1395.6,1
1317.6,6.18,28.1,78.6,791.6,0
628.4,8.02,24.7,53.9,311.4,0
1360.3,1.88,31.6,68.3,755.7,0
1371.2,9.67,26.5,69.3,849.8,0
1414.5,7.97,27.0,77.5,812.0,0
999.0,5.9,30.4,62.5,696.5,0
1760.8,7.61,27.2,40.0,928.0,0
1736.0,4.09,27.1,57.0,1286.3,1
827.5,4.55,28.0,69.3,567.2,0
1814.6,4.84,31.2,70.8,1343.3,1
2423.7,1.37,34.6,90.2,1700.1,1
1577.4,8.15,30.3,77.0,777.1,0
1348.2,,31.2,71.0,819.6,0
1436.1,4.25,27.2,69.6,719.5,0
1776.9,6.87,25.2,83.3,1235.8,1
721.2,5.34,30.6,62.9,450.9,0
1574.0,6.82,28.7,68.3,832.7,0
1324.3,4.43,22.3,56.9,965.2,1
2331.5,3.79,26.7,87.0,1129.8,1
1421.6,8.63,27.7,74.7,880.2,0
2250.5,5.84,26.0,61.5,1499.6,1
1003.3,11.06,33.9,68.6,469.2,0
1764.3,6.12,29.9,76.1,1110.4,1
1643.7,3.68,33.5,67.0,1142.0,1
1108.9,9.07,29.1,63.6,521.5,0
1579.8,7.58,28.3,62.1,953.7,0
2045.6,7.82,24.3,74.1,1079.2,1
1354.3,8.98,28.0,65.7,878.8,0
738.6,4.37,28.1,64.6,358.7,0
1492.1,5.68,22.5,54.0,1090.9,0
1093.9,5.57,25.8,70.9,785.9,0
1345.9,2.77,26.7,67.8,680.8,0
1463.3,5.34,29.7,66.1,800.4,0
732.5,9.34,29.8,72.4,458.7,0
773.0,6.59,25.7,79.0,514.3,0
1716.9,2.63,29.9,78.4,1000.6,1
1264.8,2.11,27.3,76.6,628.5,0
345.9,10.16,16.5,67.1,166.4,0
1853.2,5.77,26.1,63.2,1389.8,1
1622.6,4.38,32.3,57.5,951.8,1
1178.8,5.32,21.3,62.9,839.0,0
907.4,2.31,28.5,70.2,539.7,0
1876.1,9.56,34.3,60.6,1363.4,1
1657.2,5.02,25.0,71.2,789.4,0
2572.2,9.42,28.0,58.4,1245.5,1
1689.1,6.13,22.8,50.1,1231.2,1
1674.5,9.57,34.5,79.8,1229.5,1
1424.9,6.64,27.7,64.3,775.7,0
1867.5,8.13,28.2,60.0,1039.4,0
1781.3,7.8,33.4,56.9,1043.4,1
2063.3,7.56,30.6,75.1,1186.1,1
1265.4,6.87,24.5,86.5,641.6,0
1304.1,5.42,25.4,65.2,938.3,0
1284.4,10.79,30.0,67.4,675.6,0
1855.9,3.73,25.5,82.9,1227.8,1
2174.3,6.01,19.5,48.3,1022.2,1
1293.5,6.04,27.8,93.6,597.1,0
1308.9,7.01,22.1,99.3,845.7,1
1641.3,4.93,34.5,37.5,905.5,0
1389.4,6.79,28.7,68.8,898.4,0
,5.58,24.4,61.4,922.2,1
486.7,2.05,25.2,66.8,357.7,0
1128.0,6.02,20.4,65.0,760.9,0
1147.9,3.25,23.6,79.7,818.3,0
455.8,1.66,32.1,68.6,223.8,0
1066.4,6.34,36.9,59.1,582.3,0
1088.2,7.22,30.9,67.9,609.9,0
1409.5,7.32,27.6,76.2,861.4,0
2000.8,7.42,26.3,55.8,1078.6,1
1389.7,1.17,24.2,50.2,650.7,0
1036.1,2.6,36.2,93.9,580.9,0
1474.4,10.93,27.2,62.3,776.1,0
1972.1,3.38,36.5,68.4,1115.8,1
1060.8,7.53,33.6,65.2,540.0,0
1090.2,4.28,21.0,76.6,576.3,0
1751.3,6.2,25.3,91.3,1117.5,1
1400.3,4.42,25.3,77.0,793.2,0
,7.4,27.7,51.8,991.7,0
1493.9,6.34,27.8,53.4,911.5,0
1815.7,4.88,40.0,65.2,1237.5,1
1034.2,3.37,23.7,66.8,582.9,0
,6.67,28.9,49.3,936.0,0
1405.2,2.97,30.5,79.8,1039.6,1
952.8,7.07,28.0,57.0,578.0,0
796.4,12.57,28.4,87.9,575.8,0
1808.6,9.38,23.8,91.8,1244.5,1
1342.1,7.8,28.4,67.0,627.6,0
1040.0,5.79,30.0,75.3,601.9,0
1456.7,1.15,29.3,55.2,960.7,1
2007.6,2.69,30.3,77.5,1497.7,1
473.7,9.21,33.7,64.0,278.3,0
826.5,4.03,31.7,57.0,394.9,0
1084.7,4.25,28.3,66.5,671.0,0
2157.5,5.59,23.3,64.4,1052.8,1
1627.2,3.34,25.6,66.1,1099.1,0
1845.3,2.93,27.1,81.4,1111.4,1
986.9,5.87,29.0,60.6,658.3,0
996.2,3.77,26.1,90.8,708.1,0
,4.15,24.3,54.1,1086.7,1
1526.2,4.05,23.2,89.4,967.2,0
1746.9,7.31,21.4,57.8,1181.6,1
1415.5,5.42,27.1,70.0,994.8,0
1625.2,5.55,22.1,64.1,1155.0,0
1571.2,7.49,24.0,65.9,724.2,0
1850.0,5.64,26.4,79.6,1141.2,1
1863.2,5.3,22.7,88.0,959.3,1
771.1,7.18,29.5,84.3,546.0,0
488.7,7.67,31.0,65.1,315.0,0
1950.8,5.63,25.8,72.2,1123.8,1
2034.5,6.2,26.3,60.6,1030.3,1
1040.7,4.05,30.1,58.1,574.2,0
663.1,3.85,25.1,56.2,438.4,0
1544.6,7.92,24.9,64.7,789.7,0
1918.9,7.11,32.8,73.0,917.4,0
2308.9,7.14,31.5,47.1,1654.1,1
1732.3,6.7,30.4,69.4,1176.7,1
1332.7,6.12,31.7,88.2,679.6,0
1098.1,7.74,20.1,83.5,590.4,0
1505.2,8.34,33.4,63.0,1116.3,0
1365.3,8.28,29.6,53.2,904.5,1
1043.2,5.75,32.0,75.5,660.5,0
2421.9,9.47,29.5,42.2,1313.4,1
2303.3,6.57,28.2,83.3,1243.2,1
2011.2,7.58,26.9,67.4,928.9,0
1085.6,6.71,29.5,92.0,725.8,0
1884.8,6.62,26.8,49.3,872.6,0
1787.8,4.16,31.5,81.0,807.1,1
1699.1,7.75,21.7,68.8,1136.5,1
2062.3,13.11,25.8,66.0,1515.1,1
1785.9,5.06,36.2,53.6,1209.0,1
1833.0,6.18,25.5,77.1,1084.2,1
1786.6,4.88,27.0,78.1,1064.5,1
1653.4,4.78,24.5,91.4,960.3,1
697.4,9.86,29.3,82.1,381.7,0
1537.6,4.32,25.1,62.9,932.6,1
1249.7,4.81,27.3,58.0,724.0,0
924.1,2.03,31.4,53.6,581.7,0
2256.8,4.11,25.2,87.7,1623.6,1
2278.0,1.73,31.2,60.7,1705.1,1
2111.6,7.58,31.3,87.8,1000.1,1
1614.8,13.0,32.2,76.3,913.0,0
2107.8,5.08,28.6,74.0,1062.8,1
1505.4,1.83,41.0,66.3,836.5,1
1591.3,8.25,32.2,77.9,853.3,0
1007.9,4.18,29.3,69.8,506.3,0
1678.6,9.25,24.5,65.6,1140.2,1
,5.29,27.6,78.4,914.6,0
913.8,4.42,33.7,68.3,663.2,0
1477.0,5.56,34.8,60.4,679.1,0
1464.1,7.89,33.9,77.2,688.3,0
2308.9,5.43,31.1,69.2,1318.3,1
1902.4,4.76,23.0,75.9,901.9,1
1505.2,5.5,29.9,64.6,796.0,0
1612.0,2.82,23.0,55.5,1202.2,1
1519.9,6.99,22.1,90.8,779.2,0
1408.7,1.53,29.0,88.6,717.6,1
1012.9,4.89,30.1,80.6,630.1,0
1432.0,7.9,31.6,65.3,858.4,0
1164.3,6.76,30.0,66.4,726.6,0
937.4,7.48,30.1,86.6,527.8,0
1730.0,5.84,24.1,65.8,1207.6,1
1676.1,8.92,27.6,62.4,823.9,0
696.0,8.31,22.0,92.5,402.6,0
1444.8,7.12,20.0,69.4,949.1,0
1948.1,8.32,31.0,91.2,1384.0,1
1976.7,7.88,25.0,53.2,1108.6,1
1961.6,4.9,31.5,76.2,1216.8,1
1517.5,2.64,32.4,94.9,714.4,1
1119.7,7.05,25.5,70.4,561.1,1
1012.3,7.37,30.4,66.8,476.5,0
1655.1,8.73,25.4,56.0,1106.2,1
1670.7,3.66,20.6,83.0,896.2,1
2079.3,3.73,28.5,60.8,1387.1,1
1995.0,7.15,26.1,68.9,937.5,1
1440.5,5.82,26.2,55.2,1021.0,1
940.1,1.29,35.9,88.7,658.7,0
1356.4,6.94,21.9,83.9,646.6,0
1597.8,1.37,29.5,69.6,730.4,0
1409.1,3.64,24.0,56.2,657.9,0
1239.9,9.38,31.6,88.4,875.5,0
1613.8,10.56,29.2,65.6,839.8,0
1273.2,2.96,29.5,56.7,782.4,0
1217.4,5.18,24.2,48.9,703.5,0
1640.2,6.11,24.9,62.2,1129.5,1
1319.1,10.45,31.7,52.5,787.1,0
1609.8,4.77,35.1,62.5,966.2,1
1622.9,4.81,29.9,78.9,1211.9,1
987.3,9.87,24.4,65.5,488.7,0
1283.4,5.06,29.4,74.3,897.4,0
2147.0,7.81,37.7,61.3,999.5,1
977.1,2.31,28.4,70.8,579.7,0
547.5,5.57,33.8,93.1,392.0,0
662.2,1.85,25.0,65.8,430.1,0
1513.1,3.36,27.8,74.6,991.9,1
1513.9,8.1,30.5,51.2,800.9,0
1447.1,5.88,29.6,88.2,832.9,0
2046.4,5.2,24.9,64.3,1145.9,1
297.2,4.13,24.8,82.6,180.2,0
1678.2,5.45,32.0,68.5,987.9,1
2202.6,6.75,32.8,77.3,1207.2,1
992.5,8.46,34.0,78.1,537.6,0
1329.1,0.2,35.2,64.6,698.1,0
1161.2,3.92,28.5,83.1,649.7,0
1097.5,6.4,26.8,60.9,543.3,0
1353.2,5.75,33.4,79.3,963.0,0
2142.4,7.01,30.9,65.3,1351.1,1
2326.8,6.67,24.1,74.2,1140.5,1
1348.8,5.24,23.9,64.5,887.7,0
2357.3,4.68,30.0,70.6,1660.2,1
1516.0,5.39,27.3,57.1,790.2,0
2289.2,8.87,27.9,73.0,1133.5,1
1458.0,4.17,32.3,70.5,659.9,0
1559.0,5.84,31.0,63.5,723.6,0
1664.5,6.46,33.3,69.3,1129.6,0
2930.5,9.9,20.3,71.6,2186.6,1
1883.1,5.25,29.0,62.6,872.7,1
1181.7,8.4,30.8,68.5,797.0,0
1936.0,9.08,21.9,57.9,913.0,0
1337.2,5.84,25.4,98.1,839.3,0
1279.6,5.47,24.6,82.7,866.1,0
1908.9,5.18,28.1,73.3,1064.7,1
1514.0,5.36,34.5,84.1,686.3,0
1625.4,8.14,36.1,46.2,1021.6,0
1506.3,6.58,24.7,39.3,1125.8,0
1651.5,6.59,30.1,65.2,870.8,0
1691.2,3.19,30.2,53.5,857.2,1
628.4,3.58,29.6,67.2,306.1,0
1800.0,11.36,29.6,72.5,1109.8,1
1058.1,5.56,29.2,81.0,665.5,1
851.0,4.06,34.8,56.3,585.2,0
1473.7,9.58,32.4,74.8,996.1,1
1537.8,6.7,23.8,70.2,1103.8,1
1187.9,7.45,31.2,74.2,821.7,0
1874.0,5.65,31.6,63.8,982.3,1
896.0,5.2,29.3,86.6,552.6,0
1316.9,5.58,32.5,68.8,710.1,0
1236.8,2.54,28.8,91.3,678.9,1
3421.8437039055502,5.78,28.8,60.5,1079.1,0
1625.5,6.74,28.5,78.9,1064.0,0
1046.4,10.63,19.9,69.3,776.9,0
1825.9,6.21,27.7,66.1,1050.0,0
1528.4,0.2,25.3,77.6,934.2,1
648.6,5.77,23.3,66.4,386.7,0
618.6,12.85,33.7,38.1,298.3,0
1494.5,8.17,30.0,33.2,778.6,0
1400.6,3.97,27.9,85.3,852.0,0
1453.5,7.48,25.7,84.8,683.4,0
1487.4,4.14,29.2,92.6,1085.0,1
1601.5,2.62,32.0,69.8,780.2,1
1926.4,5.13,24.7,54.5,981.3,0
1000.0,6.23,28.0,65.0,679.6,0
972.6,1.32,31.5,70.1,466.0,0
1008.0,3.13,20.3,57.9,725.8,0
1630.0,6.03,27.8,89.8,1088.4,1
2060.2,4.98,26.3,96.9,969.5,1
1305.9,6.99,27.5,75.7,858.7,0
374.2,2.96,26.0,69.9,239.3,0
733.2,7.79,28.6,,496.5,0
1125.1,3.04,35.7,88.6,785.9,0
1249.0,10.11,26.7,70.9,831.2,0
1316.2,1.71,29.2,66.5,823.8,0
1517.4,3.27,36.0,75.8,829.6,0
1359.7,7.04,25.8,63.0,896.3,0
1972.2,10.16,35.3,71.8,1453.7,1
1195.8,6.79,28.0,52.7,748.9,0
1112.0,7.41,35.1,83.0,722.0,0
1715.5,6.04,31.0,68.7,996.9,1
809.0,3.43,29.2,83.9,547.5,0
1675.4,4.77,27.7,67.6,1255.3,1
1546.1,2.97,25.5,68.4,770.2,1
1433.7,2.8,28.3,55.5,732.2,0
,7.0,31.6,79.1,1355.0,1
1220.0,3.19,27.9,59.5,725.2,0
2427.1,6.8,26.7,64.2,1508.4,1
1398.6,2.75,27.0,70.0,649.9,0
925.3,6.74,32.0,71.5,528.6,0
1531.5,4.78,32.9,49.5,957.0,0
1015.7,9.52,25.3,67.2,635.4,0
1161.7,6.81,25.3,79.5,751.9,0
1678.7,9.09,29.5,65.5,1118.1,0
1750.0,4.11,34.1,67.3,1124.3,1
1220.0,6.14,32.6,71.9,838.2,0
,3.55,23.0,68.5,1239.4,1
2020.9,4.97,26.9,57.6,1235.3,1
2146.3,5.34,24.3,69.6,1356.2,1
1738.2,4.19,26.9,81.9,835.0,1
2113.5,2.96,34.4,57.4,1124.3,1
653.6,2.47,22.3,65.5,397.6,0
1356.9,0.2,21.5,53.4,966.0,0
1109.8,3.36,24.7,81.3,725.5,0
1553.7,7.57,29.1,68.9,741.3,0
1242.8,2.0,30.5,59.8,780.1,0
1425.2,2.58,29.7,71.1,736.2,0
2347.0,10.48,32.7,55.6,1573.0,1
1423.6,,20.9,57.6,994.0,0
3510.4035539724046,6.8,32.8,52.5,1059.0,1
1395.5,7.61,26.8,57.2,875.5,0
1534.1,7.66,30.9,86.3,846.2,1
1502.7,2.19,22.7,61.2,877.4,0
1701.7,5.42,28.0,75.6,1206.9,1
2024.4,1.95,28.9,60.0,1350.3,1
2241.3,12.12,32.6,79.1,1358.1,1
1639.3,2.01,21.7,57.7,918.8,1
1765.3,3.38,28.1,70.5,821.1,0
982.1,3.4,23.7,70.6,484.1,0
1460.5,2.26,30.0,97.9,741.8,1
1923.1,9.38,31.1,77.6,1080.8,1
1889.7,12.06,33.1,62.9,1385.6,1
1595.2,4.81,25.9,78.2,959.6,0
1898.9,2.7,31.7,95.7,988.3,1
1720.8,0.41,33.4,50.4,829.0,1
2040.1,5.39,21.4,59.9,1125.1,1
1630.2,5.21,30.4,67.2,1132.5,1
1339.9,4.37,31.8,65.0,757.1,0
1651.1,6.55,27.0,66.0,1125.7,1
200.0,6.99,23.2,54.3,138.2,0
1672.3,6.81,31.8,86.8,808.1,1
200.0,5.21,23.2,52.9,126.5,0
724.4,3.25,27.3,67.6,534.4,0
1703.3,7.66,27.8,82.5,972.0,1
,6.03,30.9,69.6,797.9,0
976.9,8.22,25.5,,710.2,0
1179.6,7.98,25.3,53.8,843.5,0
2116.7,2.45,28.4,67.2,1284.1,1
1282.2,2.41,32.0,60.9,789.4,1
2509.3,4.11,37.1,72.5,1288.6,1
1499.1,3.36,22.0,53.2,1043.2,1
1683.6,7.89,29.3,79.8,1009.5,1
2227.6,6.88,23.7,71.4,1025.1,1
1559.0,8.75,32.1,72.3,1021.0,0
1048.9,6.99,24.2,87.3,771.1,0
1450.6,6.52,25.3,64.7,1013.6,1
1484.0,9.0,25.6,61.3,791.2,0
885.9,7.17,27.7,63.4,412.8,0
1384.9,6.17,29.3,67.7,1013.9,1
1166.0,9.7,29.9,68.9,852.5,0
1916.0,6.29,28.0,60.0,1168.2,1
1515.6,5.24,22.7,45.7,974.1,1
1372.7,3.91,30.9,63.3,808.2,1
1452.2,7.76,27.8,74.3,836.4,0
1600.4,9.09,32.6,71.6,777.5,0
1777.6,5.87,25.2,84.4,851.5,1
1050.1,9.27,21.6,93.5,545.9,0
1031.3,1.07,27.9,79.1,722.9,0
1997.1,5.86,33.2,86.6,986.1,1
1314.4,5.9,28.6,79.2,680.9,1
862.4,4.18,27.2,90.5,530.0,0
1699.7,11.96,24.5,92.2,874.6,0
1708.5,5.83,35.0,81.4,852.5,0
811.2,4.98,23.9,78.5,502.1,0
,6.06,25.1,67.5,898.5,0
1831.0,0.99,30.3,69.5,1167.9,1
1668.5,4.1,20.6,65.9,1207.4,1
1784.4,8.46,33.1,77.5,883.8,0
868.1,4.43,30.5,61.4,628.5,0
1649.0,3.93,31.6,67.7,1188.5,1
1363.8,9.27,30.2,41.7,952.9,0
1282.7,9.35,27.4,90.7,820.2,0
1891.8,7.29,23.7,67.4,1203.2,0
2165.7,4.86,27.4,75.5,1389.9,1
2307.5,5.4,24.1,87.5,1516.3,1
2091.7,3.99,29.9,73.6,951.6,1
1450.6,3.51,31.2,87.3,1069.7,0
1658.7,3.39,33.9,55.1,1037.8,0
1845.1,4.45,29.5,98.8,1262.8,1
1554.5,3.41,31.7,83.0,875.5,1
1558.8,2.09,26.8,72.5,707.3,1
1870.7,6.55,26.1,87.1,1127.9,1
1473.3,6.59,29.9,56.0,887.2,0
1171.8,10.25,26.5,66.5,680.9,0
1313.5,4.33,29.1,87.3,724.9,0
1785.3,6.74,23.8,47.6,937.2,0
1501.3,6.78,24.5,76.7,913.2,0
1653.1,5.37,30.5,76.4,930.0,1
1801.5,7.86,31.5,93.6,1334.9,1
1331.3,7.94,24.1,51.0,668.2,0
1840.3,6.82,30.7,89.3,1004.6,1
1670.5,5.36,25.9,63.3,899.0,0
944.3,5.11,28.1,64.6,578.9,0
2149.0,2.58,33.7,55.3,1289.0,1
1274.7,3.99,31.2,56.9,819.8,0
755.2,4.44,31.2,74.8,555.1,0
1029.7,3.19,35.6,56.7,551.5,0
1040.5,7.1,25.2,78.9,684.5,0
1523.5,8.99,24.1,62.0,697.0,0
1376.8,3.73,25.1,55.4,727.9,0
1348.4,6.71,27.0,63.7,794.4,0
1778.9,3.41,18.6,74.0,817.0,1
1652.9,5.24,27.2,66.7,1050.1,1
1642.2,4.27,25.8,70.4,1073.2,1
1684.4,7.5,31.1,78.4,1135.3,1
1777.3,4.3,29.4,83.0,1075.2,1
551.4,8.53,25.6,,348.0,0
1336.0,5.39,30.4,57.5,759.9,1
518.9,4.38,30.9,70.9,239.9,0
1516.2,2.87,24.9,75.6,727.8,1
1497.9,6.63,26.0,52.5,968.4,0
1970.5,8.24,19.1,59.3,1475.2,1
2034.4,6.68,23.6,61.4,925.1,0
1591.2,11.6,25.0,67.5,982.2,0
1274.8,9.57,28.3,60.9,860.9,0
1718.3,5.23,24.2,78.5,1199.4,1
1262.4,5.2,25.9,50.7,774.6,0
1499.4,7.17,23.1,51.0,953.6,0
1943.8,3.9,28.7,66.0,1281.0,1
1249.0,8.92,29.7,67.9,883.9,0
1862.6,6.9,29.6,52.5,906.5,0
1804.8,6.64,28.0,62.7,1313.7,1
1070.3,7.72,21.8,65.2,490.0,0
1938.3,10.31,25.5,65.3,1358.4,1
1814.4,6.43,26.4,71.8,858.2,1
1545.9,5.72,26.4,62.1,785.9,0
1157.0,9.77,28.3,87.7,522.0,0
1113.4,8.42,33.7,75.9,649.7,0
1258.1,5.2,31.2,60.3,692.3,0
1744.2,,24.0,71.1,871.7,1
1070.0,6.49,30.7,71.5,626.3,0
1696.9,6.9,30.6,84.6,968.4,0
941.2,2.61,24.8,62.8,640.3,0
1408.2,2.14,31.4,79.2,1011.0,1
1549.3,3.78,27.4,70.5,1000.5,1
6096.328955681044,3.59,22.4,87.9,1267.2,1
880.2,4.39,29.8,85.5,474.1,0
2162.4,7.59,28.9,72.4,1565.6,1
1567.4,5.58,27.1,66.9,747.1,0
,6.49,27.9,76.1,963.9,1
1553.3,2.94,25.1,67.8,1138.2,1
1700.1,4.85,30.4,90.2,1249.9,1
1430.8,7.47,27.8,70.9,820.4,0
2154.3,7.49,28.7,65.1,1400.8,1
1294.6,4.19,29.4,64.5,760.0,0
2009.5,6.4,23.4,55.4,1358.5,1
1210.0,11.5,24.4,76.7,556.0,0
1472.9,5.96,19.2,60.2,726.5,1
1017.6,4.27,30.3,83.2,645.4,0
1704.8,5.57,23.2,54.5,886.1,0
2150.3,6.23,28.5,71.5,1397.3,1
1465.2,5.62,29.5,83.8,813.7,0
1411.4,5.92,30.4,44.2,1010.6,0
998.4,2.39,23.2,94.2,694.7,0
1396.8,3.59,27.7,64.9,835.1,1
783.2,5.63,34.7,71.7,534.1,0
1089.2,5.59,34.9,76.9,578.7,0
1602.1,4.58,31.9,78.7,958.5,1
2093.6,5.56,29.3,73.3,1066.1,1
2764.1,6.15,24.0,82.0,1957.7,1
1236.0,8.22,30.9,76.2,861.4,0
2145.9,5.75,27.4,91.1,1546.4,1
1609.7,7.0,30.2,76.3,1148.1,1
1431.9,4.65,25.5,93.6,1056.6,1
1694.7,7.43,27.3,80.8,878.7,1
1527.9,6.94,28.7,48.3,1114.6,0
1549.7,8.16,29.0,100.0,962.9,0
1316.3,7.78,30.0,63.1,759.1,0
870.9,7.47,25.7,87.9,538.3,0
805.4,5.75,22.6,70.3,445.2,0
1794.0,6.61,34.5,82.7,962.6,1
1375.5,8.66,38.0,61.7,718.5,0
1231.8,4.37,29.8,77.5,584.8,0
1503.8,4.43,22.7,67.0,900.7,0
1857.7,6.45,24.9,88.9,1330.7,1
1581.2,7.04,30.0,75.3,1010.4,0
1204.8,3.94,33.4,81.2,730.4,0
2051.8,5.81,23.1,44.0,1187.1,1
2210.6,5.77,27.5,69.0,1302.8,1
1722.6,0.46,28.8,74.9,883.3,1
1938.1,5.45,31.5,72.7,1350.7,1
2058.9,5.61,26.6,81.5,1049.0,1
2008.5,5.6,21.7,65.6,1335.7,1
1776.3,9.54,30.5,70.6,1204.4,0
1769.3,2.96,32.5,84.2,1101.3,0
1733.8,3.94,27.7,42.7,1229.1,1
1006.2,0.2,29.6,77.1,540.6,0
1815.3,4.8,26.1,66.0,1297.0,1
889.9,5.01,24.6,59.1,595.2,0
,4.73,32.1,74.0,787.8,1
2086.6,,29.5,84.7,1355.0,1
1878.1,8.15,30.0,82.5,1322.0,1
2169.3,6.19,34.0,68.4,1622.5,1
1377.7,5.07,23.8,80.5,793.6,0
981.5,8.57,25.8,80.4,681.3,0
1391.8,5.95,28.6,69.0,937.2,1
1545.9,3.95,25.7,61.7,905.7,1
,,31.1,62.4,1118.0,1
2010.2,4.9,27.3,80.1,1142.4,1
1337.4,7.89,24.0,69.5,828.7,0
1658.4,11.69,28.3,57.4,799.0,0
1055.1,6.15,28.7,49.8,546.3,0
1702.6,4.09,31.7,80.0,1195.6,1
1501.4,3.04,29.6,63.4,854.2,0
,7.38,29.8,74.0,660.6,0
1393.9,1.59,29.3,84.9,730.1,0
1417.1,7.38,27.2,54.3,846.7,0
1378.4,8.04,25.1,69.5,953.5,0
2297.1,7.09,29.2,68.0,1650.6,1
1455.7,5.45,26.7,74.6,685.7,0
1390.2,7.41,34.8,84.9,865.4,0
556.1,6.43,33.4,54.0,328.2,0
1097.6,4.05,30.5,76.8,696.2,0
1381.6,10.63,29.5,82.4,807.1,0
1191.4,5.12,27.6,67.8,678.6,0
2121.8,7.94,23.0,68.4,1255.2,1
1425.8,0.2,27.1,75.0,890.5,1
2079.8,9.19,28.4,74.1,1248.5,1
1527.8,9.67,28.9,77.0,903.9,0
1516.8,6.07,29.9,76.7,1054.7,0
1460.0,7.4,31.7,58.2,983.6,1
1501.7,7.4,25.2,81.9,829.6,0
2273.5,4.39,25.3,84.0,1569.1,1
456.2,7.37,33.8,72.2,322.1,0
599.3,3.98,31.1,52.1,297.3,0
1255.6,4.48,26.4,,784.5,0
1506.5,8.82,27.6,72.3,806.9,0
1810.5,8.44,27.6,56.3,1216.2,0
1712.9,4.23,28.1,65.7,893.5,1
1327.1,4.17,29.9,,864.5,0
1958.6,4.39,38.1,77.3,1031.3,1
1963.6,7.83,28.8,72.0,1184.7,1
1582.8,3.5,30.7,50.3,1162.7,1
1933.2,6.89,21.3,74.2,1091.1,1
1622.7,7.87,26.1,69.3,1156.5,0
1247.3,5.78,32.9,76.2,930.6,0
,,29.6,65.3,1292.4,1
1549.8,5.24,10.4,60.4,774.5,0
1500.6,5.47,30.7,60.7,1044.3,0
2162.8,3.56,35.7,63.5,994.1,1
397.1,8.54,20.0,,225.6,0
862.0,4.08,34.1,71.8,613.1,0
965.8,6.87,16.9,67.7,634.2,0
1336.5,5.82,31.8,64.9,815.0,0
1385.4,3.37,28.0,65.8,784.6,0
1775.303915337105,4.48,18.6,100.0,570.0,0
1056.7,9.46,29.8,60.8,700.4,0
1112.6,6.5,32.6,63.3,657.0,0
2605.8,3.48,29.5,,1870.3,1
2310.8,6.76,30.3,75.1,1199.3,1
1314.7,5.63,26.4,53.4,658.8,0
1336.4,14.64,20.6,80.1,859.1,0
982.9,6.71,30.8,59.1,728.9,0
641.3,5.05,35.0,80.9,336.2,0
1447.4,9.55,32.5,67.5,759.7,0
1051.0,1.4,20.0,64.7,516.9,0
1461.8,6.24,21.9,89.3,1035.2,1
779.9,10.99,24.6,76.8,403.9,0
1157.1,5.71,21.6,81.7,695.4,0
1566.9,1.67,28.2,75.2,1170.9,1
1664.8,5.01,29.6,64.7,755.2,0
1687.9,9.64,22.3,,1041.3,1
905.8,6.94,31.1,84.5,546.8,0
1884.6,3.9,30.4,71.6,1304.6,1
1139.9,4.29,25.8,91.6,634.5,0
1784.8,4.6,27.3,80.2,1022.9,1
1495.2,6.9,20.2,72.5,748.2,0
880.6,9.35,26.7,73.0,592.0,0
1357.7,8.63,28.0,71.6,930.6,0
1664.4,7.14,28.7,55.0,817.2,0
1775.8,2.67,29.5,,1008.7,1
1436.6,2.68,29.0,72.7,1031.3,1
2189.3,7.33,26.9,65.0,987.0,1
1953.4,2.64,29.1,74.1,1054.1,1
1384.5,,32.0,70.3,853.6,0
1837.6,6.76,27.6,79.3,1011.1,0
2370.2,3.16,29.3,78.0,1260.0,1
2382.2,3.44,27.3,72.0,1400.8,1
947.4,5.76,25.4,53.6,477.9,0
1083.1,7.26,30.1,91.5,659.5,0
2168.2,8.65,25.8,68.3,1435.4,1
1023.8,7.52,29.5,69.0,637.4,0
904.9,6.18,28.1,65.9,432.5,0
1281.2,4.13,26.8,64.1,901.1,1
1689.1,3.32,26.7,88.5,848.8,1
1453.9,4.72,26.0,86.6,987.9,1
1207.2,7.02,21.4,75.3,673.8,0
1196.6,6.84,29.5,68.7,819.5,0
1179.4,0.75,28.9,77.4,603.7,0
1104.2,4.04,31.4,70.9,558.7,0
2526.7,9.01,25.9,67.7,1513.8,1
1633.9,6.2,35.6,74.1,751.4,1
1899.0,2.46,26.5,64.7,982.9,1
1279.9,11.89,24.5,73.0,854.0,0
1416.3,5.93,24.0,72.5,993.1,1
1178.9,6.96,21.1,77.2,559.1,0
306.7,7.0,34.1,62.6,219.2,0
879.9,5.08,33.5,78.5,606.5,0
685.2,4.18,30.4,59.1,487.1,0
487.6,11.3,24.4,63.1,321.6,0
962.1,8.51,35.2,63.7,627.5,0
2096.2,8.05,26.6,57.1,1273.5,1
1480.0,7.44,26.9,82.2,955.8,0
2080.8,3.49,33.7,58.4,1510.1,1
1684.9,9.19,30.6,61.6,809.0,0
1852.2,3.89,36.8,85.1,1008.9,1
1094.6,6.71,29.0,63.2,516.4,0
1735.8,1.9,26.4,67.7,1273.1,1
1827.9,0.9,25.6,57.9,1066.7,1
1240.5,6.8,20.6,80.0,809.6,0
1751.8,3.98,26.9,80.2,1230.3,1
1754.8,1.03,32.6,78.9,1311.4,1
1252.7,7.35,30.4,76.5,624.5,0
994.8,11.3,28.1,70.9,686.2,0
1766.894826091628,9.47,24.0,63.7,692.7,0
1538.9,5.36,28.9,60.2,715.1,0
1647.2,6.02,32.1,85.5,1113.9,1
1143.4,8.22,29.7,79.2,636.2,0
3285.2873053766684,8.81,28.7,61.7,974.6,0
1756.7,5.14,24.8,70.5,1061.4,1
1778.2,6.09,31.5,66.4,938.7,0
2198.3,6.75,15.5,56.5,1078.4,1
2074.6,7.38,29.5,72.1,1006.4,1
1049.4,5.67,38.3,65.0,504.8,0
2257.6,5.7,22.0,58.6,1447.9,1
1261.1,9.45,27.0,52.3,700.4,0
1970.2,9.02,28.0,51.2,1014.6,0
1530.6,7.19,26.1,65.5,1006.5,1
1314.5,10.3,32.1,69.0,862.4,0
686.5,,29.9,59.5,420.0,0
1422.8,10.06,28.6,77.8,1039.3,0
798.3,7.36,31.2,69.2,451.5,0
1935.3,14.18,28.1,76.9,1356.2,1
2182.6,3.02,40.7,67.8,1031.3,1
1141.4,4.28,28.6,60.6,767.0,0
1635.9,7.05,28.8,71.4,1221.2,1
1173.6,6.99,21.2,54.8,826.2,0
1217.2,10.88,25.8,76.5,759.4,0
1848.5,4.33,32.6,58.8,1179.4,1
1482.7,8.26,22.7,81.0,824.3,0
2282.8,8.91,19.4,65.9,1492.6,1
1283.0,7.76,28.1,82.8,873.9,0
1949.7,3.6,33.5,56.5,1461.2,1
1543.8,9.52,28.2,61.9,922.8,0
1858.1,9.07,26.7,74.6,870.3,0
1298.8,7.5,20.6,84.0,816.6,0
1477.7,6.51,29.8,90.0,717.7,1
1448.0,6.57,30.6,70.5,757.9,1
1123.8,5.8,20.9,92.1,616.5,0
1797.9,7.6,32.5,66.5,1203.4,1
1792.6,6.08,31.1,83.2,905.5,1
1767.1,3.88,32.5,58.7,883.1,1
2191.6,3.38,30.3,75.0,1015.8,1
2152.2,4.12,30.6,41.9,1532.3,1
1331.3,6.56,30.1,56.5,876.0,0
1667.9,5.93,31.5,75.6,770.5,0
1219.4,6.54,20.7,54.3,559.1,0
1510.5,7.25,22.0,75.1,932.9,0
1230.1,4.43,25.1,80.9,657.8,0
2229.0,9.66,27.5,64.0,1402.1,1
1663.7,5.33,29.6,58.4,965.6,0
1401.9,4.92,29.3,64.3,1019.2,0
2037.1,7.21,32.5,58.4,1092.6,1
523.2,1.41,32.6,68.8,342.1,0
593.7,4.02,24.5,71.2,276.8,0
1858.1,8.45,29.0,66.3,1369.0,1
1527.2,1.66,24.6,90.1,1136.6,1
1612.7,8.79,27.2,61.4,1083.3,1
903.1,9.78,29.3,86.7,532.4,0
1489.5,5.08,14.4,57.5,768.6,0
2401.6,6.73,37.6,70.9,1666.1,1
1870.9,8.8,30.3,84.2,1255.2,1
1576.4,4.83,25.6,83.6,814.3,1
1302.4,8.17,35.7,65.0,762.4,0
1322.4,4.32,26.6,76.7,778.7,1
541.9,4.81,28.5,75.1,378.2,0
1615.9,4.0,26.1,63.5,1058.7,1
1880.5,6.86,34.6,77.4,1209.0,1
791.0,8.89,27.6,92.3,510.1,0
1202.4,5.54,28.6,75.7,638.6,0
979.1,2.82,32.8,76.8,549.8,0
1065.6,3.29,30.3,78.1,494.1,0
1524.1,6.99,27.8,52.5,1045.6,0
562.0,10.61,32.4,75.5,325.9,0
1776.4,6.98,38.2,57.8,1032.9,0
1839.2,5.03,29.3,62.9,963.0,0
1387.0,7.92,28.5,95.9,711.3,0
383.7,5.4,28.7,67.0,240.3,0
1051.6,5.05,33.2,61.1,546.6,0
2054.8,3.6,25.6,83.8,964.2,1
249.9,9.52,26.9,58.6,170.0,0
1343.6,0.2,21.9,64.6,756.4,0
969.0,7.99,23.3,85.0,546.6,0
1862.1,4.84,25.9,70.5,1078.9,0
1196.2,4.97,27.8,51.3,830.8,0
1681.8,10.23,35.1,76.5,918.7,0
1754.5,4.21,30.1,65.2,1188.5,1
2326.3,4.3,24.4,88.5,1702.5,1
1408.7,5.67,25.1,62.7,913.2,0
1669.2,7.03,33.5,82.6,967.3,0
831.7,4.9,32.5,91.3,560.9,0
2035.7,2.07,28.1,59.8,1195.7,1
1157.8,3.84,26.2,67.7,664.9,0
1247.7,9.2,32.5,74.7,758.1,0
1490.0,6.19,24.0,59.7,812.5,0
796.7,7.13,29.6,73.2,383.4,0
1602.9,5.35,37.1,67.3,920.8,1
1935.4,4.35,28.8,67.1,942.8,1
1631.8,10.19,24.9,70.6,935.2,0
785.0,5.53,29.6,70.9,484.4,0
1444.3,4.89,26.1,72.0,1053.2,1
1833.9,8.74,22.4,62.8,845.2,1
654.9,4.19,30.8,63.3,416.8,0
1016.4,4.51,32.5,68.6,596.9,0
1894.4,6.03,26.8,69.5,864.0,1
1621.5,6.0,26.5,64.7,851.1,1
1685.4,6.65,24.2,73.9,818.3,0
2336.8,11.23,27.4,48.2,1203.5,1
1710.8,6.84,25.8,61.2,910.8,1
1796.0,0.2,24.0,66.6,1024.5,1
2719.8,6.82,35.6,59.7,1655.6,1
1403.8,,29.9,89.6,632.1,1
1141.0,6.11,30.3,70.2,568.8,0
1692.5,6.61,31.5,72.1,809.1,1
1697.5,5.93,31.1,64.2,1043.8,1
2322.191057257376,5.87,26.3,69.8,693.0,0
1035.4,7.53,29.1,55.4,636.3,0
2539.4,4.64,26.9,68.0,1311.7,1
1647.1,3.63,29.8,58.8,753.2,0
1170.5,13.56,29.4,66.7,857.3,0
1912.2,4.21,26.5,39.3,922.6,1
1450.9,6.25,22.7,56.5,708.1,0
1386.2,2.26,28.6,87.6,684.7,0
1753.0,6.29,27.2,80.0,1304.9,1
918.7,3.67,20.4,85.8,583.6,0
1658.7,4.89,30.0,86.7,1050.1,0
2360.8,8.61,31.9,78.1,1761.2,1
1709.8,7.18,38.1,64.6,814.8,1
1330.7,7.42,26.4,,987.8,0
1271.8,1.57,25.8,83.8,650.2,0
1315.3,10.59,23.6,70.8,837.8,0
1385.7,3.02,28.8,99.9,798.2,1
1330.0,9.82,28.8,65.6,751.7,0
1912.3,8.55,24.8,93.7,1394.8,1
720.1,7.44,27.3,68.1,356.3,0
1887.9,3.86,20.1,86.0,1414.3,1
1329.1,6.38,31.7,90.4,749.3,0
1669.6,4.82,24.9,57.7,1076.3,0
992.9,6.07,27.9,64.2,735.1,0
2097.9,5.38,22.3,57.6,980.3,1
2060.5,0.9,25.7,55.2,1497.7,1
1931.8,8.8,26.9,78.0,1198.4,1
818.4,5.8,28.0,67.6,541.2,0
1873.1,4.79,29.9,70.6,926.7,1
1682.2,4.6,33.8,76.7,1026.2,1
777.6,6.9,30.9,47.7,507.1,0
1489.1,3.77,31.8,85.4,873.9,0
1664.0,0.36,33.8,65.8,826.2,0
1750.2,7.02,30.3,76.4,915.8,1
1579.8,,27.9,77.4,1115.8,1
1631.1,5.5,32.0,86.4,750.8,1
2163.1,3.13,32.3,,1433.4,1
2051.7,6.22,30.6,44.5,1538.4,1
209.8,2.34,22.2,70.7,94.9,0
1357.2,3.43,24.6,72.4,676.3,1
1425.9,4.12,26.9,57.6,930.0,0
711.6,8.11,31.1,71.8,333.0,0
1542.4,5.09,27.9,65.7,967.0,1
2061.9,4.88,32.5,53.9,1351.0,1
1011.0,10.89,33.3,78.1,633.4,0
1651.4,6.88,32.8,63.2,924.0,1
1087.9,6.85,32.8,65.1,717.1,0
1197.6,5.08,23.9,64.4,752.5,0
2164.8,4.51,29.9,84.8,1109.0,1
1255.8,0.53,25.6,69.5,777.3,1
1708.0,8.42,21.4,70.9,1220.5,1
658.0,7.12,26.9,64.7,427.7,0
2338.0,5.55,33.3,75.6,1383.0,1
1771.2,5.66,29.8,86.2,967.9,1
1417.9,7.84,36.1,77.8,674.6,0
1759.0,2.11,28.7,78.2,920.6,1
865.6,4.53,37.8,77.3,392.4,0
2032.1,3.16,28.7,53.4,1516.0,1
1354.2,10.43,28.1,59.5,699.8,0
,8.19,22.9,67.5,977.9,0
1278.8,0.49,32.4,61.3,640.1,0
1238.7,2.22,26.0,57.2,662.8,0
1812.6,5.67,25.4,47.5,1043.1,0
1615.2,4.82,33.1,53.8,884.0,0
1793.3,,32.6,66.9,1236.5,1
1496.0,10.86,32.5,69.2,1103.0,0
1730.9,6.78,26.6,60.5,1233.4,1
1311.5,7.19,27.8,70.9,650.6,0
2503.4,4.27,27.8,64.8,1709.8,1
794.4,7.81,31.1,83.1,392.8,0
2067.4,5.05,34.2,68.1,1496.8,1
2115.6,5.29,29.5,78.4,1280.7,1
1116.5,7.53,35.9,72.4,615.1,0
2503.2,1.93,31.6,53.2,1244.3,1
1948.0,9.99,27.1,68.9,883.5,0
1937.0,6.46,31.3,55.2,1015.7,1
1512.6,9.2,34.8,68.7,1095.4,1
1402.2,3.31,36.0,61.1,966.4,0
1405.8,3.69,32.7,74.6,1041.6,1
1675.7,3.1,28.1,53.9,804.7,1
2130.5,6.63,27.1,70.2,1337.2,1
1581.6,6.16,30.3,76.9,833.7,1
1089.9,4.84,34.7,80.9,668.0,0
1871.0,3.46,29.7,60.8,1021.8,1
1914.5,2.83,29.8,70.2,1024.3,1
1794.6,5.88,28.2,72.2,1116.5,1
1835.5,4.84,26.7,88.6,926.9,0
1378.1,4.29,27.4,52.2,814.1,0
1082.0,9.87,28.5,59.1,698.1,0
1109.3,5.79,34.9,100.0,541.8,0
764.0,,27.0,66.7,557.1,0
1606.6,4.67,28.2,47.3,966.7,1
1462.4,6.61,24.5,63.0,1017.7,0
1302.0,5.86,30.9,36.8,841.3,0
200.0,1.76,33.5,72.9,132.6,0
938.7,9.57,34.5,79.7,624.1,0
2004.4,5.66,28.8,59.1,1428.2,1
1200.9,7.87,30.3,64.4,761.5,0
1662.3,4.12,27.4,81.1,886.8,1
874.2,5.59,30.1,49.0,419.5,0
2147.4,3.83,29.3,54.1,1356.9,1
1435.2,9.09,28.2,67.3,674.4,0
1630.5,6.78,28.6,61.0,851.8,0
2546.6,6.92,29.8,66.5,1192.3,1
2182.4,9.4,26.8,54.8,1341.4,1
1362.0,8.89,27.0,72.6,678.4,0
1233.1,7.91,34.8,68.2,780.7,0
1353.5,2.45,38.8,76.6,930.2,1
1729.5,4.26,23.2,72.4,1204.7,1
1452.6,3.49,23.0,72.5,788.6,0
1322.1,7.82,24.2,52.6,812.7,0
2160.2,6.43,27.6,75.9,1337.0,1
1448.6,2.52,31.6,66.0,857.4,0
2534.8,5.53,30.4,68.0,1638.8,1
1540.8,2.26,28.7,82.6,790.5,0
2303.4,5.87,30.1,61.4,1713.2,1
,1.86,25.2,86.2,796.2,0
1933.3,7.32,27.0,87.3,1350.9,1
1173.9,6.94,27.9,79.0,737.5,0
1115.8,10.77,21.7,58.2,584.1,0
1706.9,8.12,23.4,43.8,1149.9,1
1944.8,4.94,23.5,82.9,924.5,0
1518.1,8.05,31.1,71.3,1035.8,1
921.1,2.51,29.0,61.1,577.5,0
887.9,3.59,30.4,84.1,429.0,0
857.8,6.83,20.6,59.7,406.5,0
704.6,0.6,22.1,64.9,475.8,0
1549.3,5.91,30.7,76.3,833.3,1
2006.3,3.45,16.9,56.6,1438.1,1
1494.0,6.25,32.9,68.7,1013.8,0
482.8,3.31,20.7,83.1,318.4,0
1414.2,7.06,31.4,72.5,754.6,0
1426.7,6.05,24.4,85.0,945.5,0
2443.2,9.5,32.2,83.6,1794.4,1
844.3,6.02,40.8,70.1,403.1,0
1324.2,4.08,18.9,42.0,725.5,0
2267.6,5.38,30.8,56.7,1180.1,1
1702.5,2.64,20.8,79.2,967.0,0
1753.5,7.02,29.7,51.4,1179.6,1
1551.6,7.47,27.2,66.1,918.9,0
1648.5,12.17,28.5,74.1,1024.1,0
1849.9,4.45,24.4,87.6,1006.8,0
1135.7,5.33,31.1,63.1,559.2,0
1895.1,4.56,22.2,62.3,1004.6,1
882.1,6.53,33.0,69.4,624.5,0
1647.8,6.95,26.4,74.2,1039.3,1
1580.4,5.87,22.4,68.1,890.4,1
1222.7,8.72,34.4,82.6,839.9,0
1489.8,4.46,27.7,60.4,699.2,0
1219.9,8.47,35.6,,641.8,0
1017.7,7.35,32.9,75.3,528.2,0
1340.9,5.97,24.8,65.2,999.8,0
1003.2,5.21,27.7,80.1,664.0,0
1645.3,12.07,28.5,71.8,1045.3,0
982.5,3.96,34.1,79.5,443.6,0
1820.4,6.74,29.8,72.3,919.8,1
968.3,4.12,28.7,74.5,620.4,0
